Periodo,Total Recaudo Hidrocarburos,total_recaudo_hidroc_pc,Regalías causadas,regalias_causadas_24,% hidroc,% miner
2012,7787575429177.0,9977675117459.322,1942680305299.77,2489020250223.921,0.8003464288799359,0.19965357112006418
2013-2014,15620853783260.0,19278310834668.0,3028197283501.79,3742067346731.7007,0.8376219104842848,0.16237808951571522
2015-2016,9122716875556.0,10123262737090.543,3318644975708.24,3668376651076.8794,0.733257097142383,0.2667429028576171
2017-2018,11302193013586.0,11454541057768.25,4540449791453.67,4603256382330.261,0.7134032593344012,0.28659674066559887
2019-2020,10625324600651.191,10171072125004.248,3969600118869.59,3799468442057.4565,0.7280150329545564,0.2719849670454436
2021-2022,17154908650439.43,14281309335540.516,10656505873420.97,8724222424126.53,0.6168297781373768,0.38317022186262323
2023-2024,13565345022018.12,9694826212418.154,8577370802378.841,6174023619484.02,0.6126323947612492,0.38736760523875075
